{
    "$Version": "4.01",
    "$Reference": {
        "https://oasis-tcs.github.io/odata-vocabularies/vocabularies/Org.OData.Core.V1.json": {
            "$Include": [
                {
                    "$Namespace": "Org.OData.Core.V1",
                    "$Alias": "Core"
                }
            ]
        },
        "https://oasis-tcs.github.io/odata-vocabularies/vocabularies/Org.OData.Validation.V1.json": {
            "$Include": [
                {
                    "$Namespace": "Org.OData.Validation.V1",
                    "$Alias": "Validation"
                }
            ]
        },
        "https://oasis-tcs.github.io/odata-vocabularies/vocabularies/Org.OData.Capabilities.V1.json": {
            "$Include": [
                {
                    "$Namespace": "Org.OData.Capabilities.V1",
                    "$Alias": "Capabilities"
                }
            ]
        }
    },
    "Org.OData.Aggregation.V1": {
        "$Alias": "Aggregation",
        "@Core.Description": "Terms to describe which data in a given entity model can be aggregated, and how.",
        "@Core.LongDescription": "Related to the specification document [OData-Data-Agg-v4.0](http://docs.oasis-open.org/odata/odata-data-aggregation-ext/v4.0/odata-data-aggregation-ext-v4.0.html).",
        "@Core.Links": [
            {
                "rel": "alternate",
                "href": "https://oasis-tcs.github.io/odata-vocabularies/vocabularies/Org.OData.Aggregation.V1.xml"
            },
            {
                "rel": "latest-version",
                "href": "https://oasis-tcs.github.io/odata-vocabularies/vocabularies/Org.OData.Aggregation.V1.json"
            },
            {
                "rel": "describedby",
                "href": "https://github.com/oasis-tcs/odata-vocabularies/blob/main/vocabularies/Org.OData.Aggregation.V1.md"
            }
        ],
        "ApplySupported": {
            "$Kind": "Term",
            "$Type": "Aggregation.ApplySupportedType",
            "$AppliesTo": [
                "EntitySet",
                "Collection",
                "EntityType"
            ],
            "@Core.AppliesViaContainer": true,
            "@Core.Description": "This entity set or collection supports the `$apply` system query option"
        },
        "ApplySupportedDefaults": {
            "$Kind": "Term",
            "$Type": "Aggregation.ApplySupportedBase",
            "$AppliesTo": [
                "EntityContainer"
            ],
            "@Core.Description": "Default support of the `$apply` system query option for all collection-valued resources in the container",
            "@Core.LongDescription": "Annotating term [`ApplySupported`](#ApplySupported) for a specific collection-valued resource overrides the default support with the specified properties using PATCH semantics:\n- Primitive or collection-valued properties specified in `ApplySupported` replace the corresponding properties specified in `ApplySupportedDefaults`\n- Complex-valued properties specified in `ApplySupported` override the corresponding properties specified in `ApplySupportedDefaults` using PATCH semantics recursively\n- Properties specified neither in `ApplySupported` nor in `ApplySupportedDefaults` have their default value"
        },
        "ApplySupportedBase": {
            "$Kind": "ComplexType",
            "@Core.LongDescription": "Services that do not fully implement a certain aggregation-related functionality may document\n          this by annotating the [`ApplySupported`](#ApplySupported) or [`ApplySupportedDefaults`](#ApplySupportedDefaults)\n          annotation with a description.",
            "Transformations": {
                "$Collection": true,
                "$Type": "Aggregation.Transformation",
                "@Core.Description": "Transformations that can be used in `$apply`"
            },
            "CustomAggregationMethods": {
                "$Collection": true,
                "@Core.Description": "Qualified names of custom aggregation methods that can be used in `aggregate(...with...)`"
            }
        },
        "ApplySupportedType": {
            "$Kind": "ComplexType",
            "$BaseType": "Aggregation.ApplySupportedBase",
            "PropertyRestrictions": {
                "$Type": "Edm.Boolean",
                "$DefaultValue": false,
                "@Core.Revisions": [
                    {
                        "Kind": "Deprecated",
                        "Description": "Deprecated since [`Groupable`](#Groupable) and [`Aggregatable`](#Aggregatable) are deprecated"
                    }
                ],
                "@Core.Description": "Only properties marked as `Groupable` can be used in the `groupby` transformation, and only those marked as `Aggregatable` can be used in the  `aggregate` transformation"
            },
            "GroupableProperties": {
                "$Collection": true,
                "$Type": "Edm.AnyPropertyPath",
                "@Core.Description": "A non-empty collection indicates that only the listed properties of the annotated target are supported by the `groupby` transformation"
            },
            "AggregatableProperties": {
                "$Collection": true,
                "$Type": "Aggregation.AggregatablePropertyType",
                "@Core.Description": "A non-empty collection indicates that only the listed properties of the annotated target can be used in the `aggregate` transformation, optionally restricted to the specified aggregation methods"
            }
        },
        "AggregatablePropertyType": {
            "$Kind": "ComplexType",
            "Property": {
                "$Type": "Edm.PropertyPath",
                "@Core.Description": "Aggregatable property"
            },
            "SupportedAggregationMethods": {
                "$Collection": true,
                "$Type": "Aggregation.AggregationMethod",
                "@Core.Description": "Standard and custom aggregation methods that can be applied to the property. If omitted, all aggregation methods can be applied"
            },
            "RecommendedAggregationMethod": {
                "$Type": "Aggregation.AggregationMethod",
                "$Nullable": true,
                "@Core.Description": "Recommended method for aggregating values of the property"
            }
        },
        "Transformation": {
            "$Kind": "TypeDefinition",
            "$UnderlyingType": "Edm.String",
            "@Core.Description": "A transformation that can be used in `$apply`",
            "@Validation.AllowedValues": [
                {
                    "Value": "aggregate",
                    "@Core.Description": "OData-Data-Agg-v4.0, section 3.2.1"
                },
                {
                    "Value": "groupby",
                    "@Core.Description": "OData-Data-Agg-v4.0, section 3.2.3"
                },
                {
                    "Value": "concat",
                    "@Core.Description": "OData-Data-Agg-v4.0, section 3.2.2"
                },
                {
                    "Value": "identity",
                    "@Core.Description": "OData-Data-Agg-v4.0, section 3.4.1"
                },
                {
                    "Value": "filter",
                    "@Core.Description": "OData-Data-Agg-v4.0, section 3.3.2"
                },
                {
                    "Value": "search",
                    "@Core.Description": "OData-Data-Agg-v4.0, section 3.3.4"
                },
                {
                    "Value": "join",
                    "@Core.Description": "OData-Data-Agg-v4.0, section 3.5.1"
                },
                {
                    "Value": "outerjoin",
                    "@Core.Description": "OData-Data-Agg-v4.0, section 3.5.1"
                },
                {
                    "Value": "compute",
                    "@Core.Description": "OData-Data-Agg-v4.0, section 3.4.2"
                },
                {
                    "Value": "bottomcount",
                    "@Core.Description": "OData-Data-Agg-v4.0, section 3.3.1.1"
                },
                {
                    "Value": "bottomsum",
                    "@Core.Description": "OData-Data-Agg-v4.0, section 3.3.1.3"
                },
                {
                    "Value": "bottompercent",
                    "@Core.Description": "OData-Data-Agg-v4.0, section 3.3.1.2"
                },
                {
                    "Value": "topcount",
                    "@Core.Description": "OData-Data-Agg-v4.0, section 3.3.1.1"
                },
                {
                    "Value": "topsum",
                    "@Core.Description": "OData-Data-Agg-v4.0, section 3.3.1.3"
                },
                {
                    "Value": "toppercent",
                    "@Core.Description": "OData-Data-Agg-v4.0, section 3.3.1.2"
                },
                {
                    "Value": "orderby",
                    "@Core.Description": "OData-Data-Agg-v4.0, section 3.3.3"
                },
                {
                    "Value": "top",
                    "@Core.Description": "OData-Data-Agg-v4.0, section 3.3.6"
                },
                {
                    "Value": "skip",
                    "@Core.Description": "OData-Data-Agg-v4.0, section 3.3.5"
                },
                {
                    "Value": "ancestors",
                    "@Core.Description": "OData-Data-Agg-v4.0, section 6.2.1"
                },
                {
                    "Value": "descendants",
                    "@Core.Description": "OData-Data-Agg-v4.0, section 6.2.1"
                },
                {
                    "Value": "traverse",
                    "@Core.Description": "OData-Data-Agg-v4.0, section 6.2.2"
                }
            ]
        },
        "AggregationMethod": {
            "$Kind": "TypeDefinition",
            "$UnderlyingType": "Edm.String",
            "@Core.Description": "Standard or custom aggregation method",
            "@Core.LongDescription": "Custom aggregation methods MUST use a namespace-qualified name, that is contain at least one dot. ",
            "@Validation.AllowedValues": [
                {
                    "Value": "sum",
                    "@Core.Description": "Can be applied to numeric values to return the sum of the non-null values, or null if there are no non-null values or the input set is empty"
                },
                {
                    "Value": "min",
                    "@Core.Description": "Can be applied to values with a totally ordered domain to return the smallest of the non-null values, or null if there are no non-null values or the input set is empty"
                },
                {
                    "Value": "max",
                    "@Core.Description": "Can be applied to values with a totally ordered domain to return the largest of the non-null values, or null if there are no non-null values or the input set is empty"
                },
                {
                    "Value": "average",
                    "@Core.Description": "Can be applied to numeric values to return the sum of the non-null values divided by the count of the non-null values, or null if there are no non-null values or the input set is empty"
                },
                {
                    "Value": "countdistinct",
                    "@Core.Description": "Counts the distinct values, omitting any null values",
                    "@Core.LongDescription": "For navigation properties, it counts the distinct entities in the union of all entities related to entities in the input set. \n                  For collection-valued primitive properties, it counts the distinct items in the union of all collection values in the input set."
                }
            ]
        },
        "Groupable": {
            "$Kind": "Term",
            "$Type": "Core.Tag",
            "$DefaultValue": true,
            "$AppliesTo": [
                "Property",
                "NavigationProperty"
            ],
            "@Core.Revisions": [
                {
                    "Kind": "Deprecated",
                    "Description": "Deprecated in favor of [`ApplySupported/GroupableProperties`](#ApplySupported)"
                }
            ],
            "@Core.Description": "This property can be used in the `groupby` transformation"
        },
        "Aggregatable": {
            "$Kind": "Term",
            "$Type": "Core.Tag",
            "$DefaultValue": true,
            "$AppliesTo": [
                "Property",
                "NavigationProperty"
            ],
            "@Core.Revisions": [
                {
                    "Kind": "Deprecated",
                    "Description": "Deprecated in favor of [`ApplySupported/AggregatableProperties`](#ApplySupported)"
                }
            ],
            "@Core.Description": "This property can be used in the `aggregate` transformation"
        },
        "CustomAggregate": {
            "$Kind": "Term",
            "$AppliesTo": [
                "EntitySet",
                "Collection",
                "EntityContainer",
                "EntityType"
            ],
            "@Core.AppliesViaContainer": true,
            "@Core.Description": "Dynamic property that can be used in the `aggregate` transformation",
            "@Core.LongDescription": "This term MUST be applied with a Qualifier, the Qualifier value is the name of the dynamic property. The value of the annotation MUST be the qualified name of a primitive type. The aggregated value will be of that type."
        },
        "ContextDefiningProperties": {
            "$Kind": "Term",
            "$Collection": true,
            "$Type": "Edm.PropertyPath",
            "$AppliesTo": [
                "Property",
                "Annotation"
            ],
            "@Core.Description": "The annotated property or custom aggregate is only well-defined in the context of these properties",
            "@Core.LongDescription": "The context-defining properties need either be part of the result entities, or be restricted to a single value by a pre-filter operation. Examples are postal codes within a country, or monetary amounts whose context is the unit of currency."
        },
        "RecursiveHierarchy": {
            "$Kind": "Term",
            "$Type": "Aggregation.RecursiveHierarchyType",
            "$AppliesTo": [
                "EntityType"
            ],
            "@Core.Description": "Defines a recursive hierarchy (OData-Data-Agg-v4.0, section 5.5.2)"
        },
        "RecursiveHierarchyType": {
            "$Kind": "ComplexType",
            "NodeProperty": {
                "$Type": "Edm.PropertyPath",
                "@Core.Description": "Primitive property holding the node identifier"
            },
            "ParentNavigationProperty": {
                "$Type": "Edm.NavigationPropertyPath",
                "@Core.Description": "Property for navigating to the parent node(s). Its type MUST be the entity type annotated with this term, and it MUST be collection-valued or nullable single-valued."
            }
        },
        "HierarchyQualifier": {
            "$Kind": "TypeDefinition",
            "$UnderlyingType": "Edm.String",
            "@Core.Description": "Qualifier of a [`RecursiveHierarchy`](#RecursiveHierarchy) annotation",
            "@Core.LongDescription": "Every recursive hierarchy function defined in this vocabulary has\n- a parameter `HierarchyQualifier` of this type and\n- a parameter `HierarchyNodes` that is a collection of entities of a common type without multiple occurrences of the same entity.\n\n`HierarchyQualifier` is the qualifier of a `RecursiveHierarchy` annotation on the entity type of the collection\ngiven by the `HierarchyNodes` parameter. This specifies a recursive hierarchy that is evaluated by the function."
        },
        "isnode": [
            {
                "$Kind": "Function",
                "@Core.Description": "Is the entity a node of the hierarchy specified by the [parameter pair](#HierarchyQualifier) (`HierarchyNodes`, `HierarchyQualifier`)? (See OData-Data-Agg-v4.0, section 5.5.2.1)",
                "@Core.LongDescription": "If a node identifier passed to the function is null, the function returns null.",
                "$Parameter": [
                    {
                        "$Name": "HierarchyNodes",
                        "$Collection": true,
                        "$Type": "Edm.EntityType",
                        "@Core.Description": "A collection, given through a `$root` expression"
                    },
                    {
                        "$Name": "HierarchyQualifier",
                        "$Type": "Aggregation.HierarchyQualifier"
                    },
                    {
                        "$Name": "Node",
                        "$Type": "Edm.PrimitiveType",
                        "$Nullable": true,
                        "@Core.Description": "Node identifier of the putative node"
                    }
                ],
                "$ReturnType": {
                    "$Type": "Edm.Boolean",
                    "$Nullable": true
                }
            }
        ],
        "isroot": [
            {
                "$Kind": "Function",
                "@Core.Description": "Is the entity a root node of the hierarchy specified by the [parameter pair](#HierarchyQualifier) (`HierarchyNodes`, `HierarchyQualifier`)?",
                "@Core.LongDescription": "If a node identifier passed to the function is null, the function returns null.",
                "$Parameter": [
                    {
                        "$Name": "HierarchyNodes",
                        "$Collection": true,
                        "$Type": "Edm.EntityType",
                        "@Core.Description": "A collection, given through a `$root` expression"
                    },
                    {
                        "$Name": "HierarchyQualifier",
                        "$Type": "Aggregation.HierarchyQualifier"
                    },
                    {
                        "$Name": "Node",
                        "$Type": "Edm.PrimitiveType",
                        "$Nullable": true,
                        "@Core.Description": "Node identifier of the putative root"
                    }
                ],
                "$ReturnType": {
                    "$Type": "Edm.Boolean",
                    "$Nullable": true
                }
            }
        ],
        "isdescendant": [
            {
                "$Kind": "Function",
                "@Core.Description": "Is the entity a descendant node of the ancestor node in the hierarchy specified by the [parameter pair](#HierarchyQualifier) (`HierarchyNodes`, `HierarchyQualifier`) with at most the specified distance? (See OData-Data-Agg-v4.0, section 5.5.2.1)",
                "@Core.LongDescription": "If a node identifier passed to the function is null, the function returns null.",
                "$Parameter": [
                    {
                        "$Name": "HierarchyNodes",
                        "$Collection": true,
                        "$Type": "Edm.EntityType",
                        "@Core.Description": "A collection, given through a `$root` expression"
                    },
                    {
                        "$Name": "HierarchyQualifier",
                        "$Type": "Aggregation.HierarchyQualifier"
                    },
                    {
                        "$Name": "Node",
                        "$Type": "Edm.PrimitiveType",
                        "$Nullable": true,
                        "@Core.Description": "Node identifier of the putative descendant"
                    },
                    {
                        "$Name": "Ancestor",
                        "$Type": "Edm.PrimitiveType",
                        "$Nullable": true,
                        "@Core.Description": "Node identifier of the ancestor node"
                    },
                    {
                        "$Name": "MaxDistance",
                        "$Type": "Edm.Int16",
                        "@Core.OptionalParameter": {
                            "DefaultValue": "32767"
                        },
                        "@Validation.Minimum": 1
                    },
                    {
                        "$Name": "IncludeSelf",
                        "$Type": "Edm.Boolean",
                        "@Core.Description": "Whether to include the node itself in the result",
                        "@Core.OptionalParameter": {
                            "DefaultValue": "false"
                        }
                    }
                ],
                "$ReturnType": {
                    "$Type": "Edm.Boolean",
                    "$Nullable": true
                }
            }
        ],
        "isancestor": [
            {
                "$Kind": "Function",
                "@Core.Description": "Is the entity an ancestor node of the descendant node in the hierarchy specified by the [parameter pair](#HierarchyQualifier) (`HierarchyNodes`, `HierarchyQualifier`) with at most the specified distance? (See OData-Data-Agg-v4.0, section 5.5.2.1)",
                "@Core.LongDescription": "If a node identifier passed to the function is null, the function returns null.",
                "$Parameter": [
                    {
                        "$Name": "HierarchyNodes",
                        "$Collection": true,
                        "$Type": "Edm.EntityType",
                        "@Core.Description": "A collection, given through a `$root` expression"
                    },
                    {
                        "$Name": "HierarchyQualifier",
                        "$Type": "Aggregation.HierarchyQualifier"
                    },
                    {
                        "$Name": "Node",
                        "$Type": "Edm.PrimitiveType",
                        "$Nullable": true,
                        "@Core.Description": "Node identifier of the putative ancestor"
                    },
                    {
                        "$Name": "Descendant",
                        "$Type": "Edm.PrimitiveType",
                        "$Nullable": true,
                        "@Core.Description": "Node identifier of the descendant node"
                    },
                    {
                        "$Name": "MaxDistance",
                        "$Type": "Edm.Int16",
                        "@Core.OptionalParameter": {
                            "DefaultValue": "32767"
                        },
                        "@Validation.Minimum": 1
                    },
                    {
                        "$Name": "IncludeSelf",
                        "$Type": "Edm.Boolean",
                        "@Core.Description": "Whether to include the node itself in the result",
                        "@Core.OptionalParameter": {
                            "DefaultValue": "false"
                        }
                    }
                ],
                "$ReturnType": {
                    "$Type": "Edm.Boolean",
                    "$Nullable": true
                }
            }
        ],
        "issibling": [
            {
                "$Kind": "Function",
                "@Core.Description": "Is the entity a sibling node of the other node in the hierarchy specified by the [parameter pair](#HierarchyQualifier) (`HierarchyNodes`, `HierarchyQualifier`)? (See OData-Data-Agg-v4.0, section 5.5.2.1)",
                "@Core.LongDescription": "A node is not a sibling of itself. If a node identifier passed to the function is null, the function returns null.",
                "$Parameter": [
                    {
                        "$Name": "HierarchyNodes",
                        "$Collection": true,
                        "$Type": "Edm.EntityType",
                        "@Core.Description": "A collection, given through a `$root` expression"
                    },
                    {
                        "$Name": "HierarchyQualifier",
                        "$Type": "Aggregation.HierarchyQualifier"
                    },
                    {
                        "$Name": "Node",
                        "$Type": "Edm.PrimitiveType",
                        "$Nullable": true,
                        "@Core.Description": "Node identifier of the putative sibling"
                    },
                    {
                        "$Name": "Other",
                        "$Type": "Edm.PrimitiveType",
                        "$Nullable": true,
                        "@Core.Description": "Node identifier of the other node"
                    }
                ],
                "$ReturnType": {
                    "$Type": "Edm.Boolean",
                    "$Nullable": true
                }
            }
        ],
        "isleaf": [
            {
                "$Kind": "Function",
                "@Core.Description": "Is the entity a leaf node in the hierarchy specified by the [parameter pair](#HierarchyQualifier) (`HierarchyNodes`, `HierarchyQualifier`)? (See OData-Data-Agg-v4.0, section 5.5.2.1)",
                "@Core.LongDescription": "If a node identifier passed to the function is null, the function returns null.",
                "$Parameter": [
                    {
                        "$Name": "HierarchyNodes",
                        "$Collection": true,
                        "$Type": "Edm.EntityType",
                        "@Core.Description": "A collection, given through a `$root` expression"
                    },
                    {
                        "$Name": "HierarchyQualifier",
                        "$Type": "Aggregation.HierarchyQualifier"
                    },
                    {
                        "$Name": "Node",
                        "$Type": "Edm.PrimitiveType",
                        "$Nullable": true,
                        "@Core.Description": "Node identifier of the putative leaf"
                    }
                ],
                "$ReturnType": {
                    "$Type": "Edm.Boolean",
                    "$Nullable": true
                }
            }
        ],
        "AvailableOnAggregates": {
            "$Kind": "Term",
            "$Type": "Aggregation.AvailableOnAggregatesType",
            "$AppliesTo": [
                "Function"
            ],
            "@Core.Description": "This function is available on aggregated entities if the `RequiredProperties` are still defined"
        },
        "AvailableOnAggregatesType": {
            "$Kind": "ComplexType",
            "RequiredProperties": {
                "$Collection": true,
                "$Type": "Edm.PropertyPath",
                "@Core.Description": "Properties required to apply this function"
            }
        },
        "NavigationPropertyAggregationCapabilities": {
            "$Kind": "ComplexType",
            "$BaseType": "Capabilities.NavigationPropertyRestriction",
            "@Core.Revisions": [
                {
                    "Kind": "Deprecated",
                    "Description": "[`Capabilities.NavigationRestrictions`](Org.OData.Capabilities.V1.md#NavigationRestrictions) that make use of the additional properties in this subtype are deprecated in favor of [`ApplySupported`](#ApplySupported) and [`CustomAggregate`](#CustomAggregate)"
                }
            ],
            "@Core.Description": "Aggregation capabilities on a navigation path",
            "ApplySupported": {
                "$Type": "Aggregation.ApplySupportedType",
                "$Nullable": true,
                "@Core.Description": "Support for `$apply`"
            },
            "CustomAggregates": {
                "$Collection": true,
                "$Type": "Aggregation.CustomAggregateType",
                "@Core.Description": "Supported custom aggregates"
            }
        },
        "CustomAggregateType": {
            "$Kind": "ComplexType",
            "@Core.Revisions": [
                {
                    "Kind": "Deprecated",
                    "Description": "Deprecated since [`NavigationPropertyAggregationCapabilities`](#NavigationPropertyAggregationCapabilities) is also deprecated"
                }
            ],
            "Name": {
                "@Core.Description": "Name of the dynamic property that can be used in the `aggregate` transformation"
            },
            "Type": {
                "@Core.Description": "Qualified name of a primitive type. The aggregated value will be of that type"
            }
        }
    }
}